{"cameraMode":{"drawMode":0,"name":"Shaded","section":"Shading Mode"},"sceneLighting":false,"audioPlay":false,"sceneViewState":{"showFog":true,"showMaterialUpdate":false,"showSkybox":false,"showFlares":true,"showImageEffects":true,"showParticleSystems":true},"in2DMode":false,"pivot":{"x":17.752197265625,"y":-2.915771484375,"z":-2.8193359375},"rotation":{"x":0.0037434808909893038,"y":0.9960049986839294,"z":-0.05084029957652092,"w":0.0733383446931839},"size":7.637895107269287,"orthographic":true}